n_sites,pearson_r,p_value,verdict
8,-0.33163967799307165,0.42226538857585216,INSUFFICIENT DATA
