{
  "gc_mean_gradient": 458.0118529210658,
  "gc_gradient_percentile": 62.5,
  "n_random_circles": 200,
  "random_mean": 431.9112680078699,
  "random_std": 156.54099240897844,
  "cluster_gradients": {
    "Memphis/Giza": 302.69993799723176,
    "Nazca": 1779.4598419887523,
    "Easter Island": 21.92740685151391,
    "Persepolis": 956.763931437571,
    "Angkor": 113.31067453855277,
    "Mohenjo-daro": 7.607362170524962
  },
  "gc_gradient_values": [
    892.2566240836178,
    1672.13509025353,
    1387.4799863849416,
    1435.5461222125994,
    2169.0306169094065,
    2879.987751057111,
    2391.504636706767,
    1654.0305207515828,
    784.6595219141755,
    353.54009900309865,
    952.6846363363703,
    876.4065695885027,
    174.72829897448034,
    1205.0224170335568,
    1939.4560886225995,
    1474.8518004866085,
    1918.8482711461918,
    1611.117328284939,
    3346.3780538944093,
    3363.972686615187,
    1941.9401686311023,
    121.77972010324534,
    120.06749534431269,
    109.72490008218217,
    98.19480604489564,
    61.78593314846698,
    71.42893630017527,
    100.55752615645405,
    54.283266333573984,
    44.25657290335731,
    30.949116406922357,
    46.99736454094662,
    67.51918469364239,
    115.65113942045213,
    107.96716011350728,
    116.37209338864679,
    175.24552441935924,
    179.64309776400773,
    220.2423294288186,
    200.61867540621552,
    213.61695461202825,
    142.90672503292066,
    62.77277059114674,
    40.57705990767542,
    23.246540370714403,
    15.226416222077633,
    23.514786541671057,
    19.306538184039656,
    43.45000029876541,
    120.37443197699805,
    168.523168029817,
    41.95499552736671,
    32.90314205717467,
    69.12751563831561,
    63.94933433950955,
    33.57083770673485,
    58.56476016843375,
    67.55754503190902,
    130.09266236061333,
    119.85828433619625,
    75.29885907248557,
    14.740754668900184,
    14.838256679991723,
    64.9087961254277,
    270.3580987824744,
    399.4212841216306,
    325.2030307087849,
    385.5505873722959,
    413.358045362493,
    761.4298518969858,
    461.11189326607956,
    198.47825900285773,
    93.50973860556424,
    74.165270331614,
    117.57413696947918,
    165.55253140804598,
    88.9036317878851,
    106.88860968577711,
    201.29320157098977,
    186.2150202724435,
    143.80448331697878,
    60.128236416891674,
    49.770805701307694,
    37.08548707963675,
    39.03864350849079,
    109.39695364505036,
    134.03326018845067,
    109.33873190012064,
    162.9933116392871,
    261.32305627466235,
    400.24345978617464,
    456.9490542702166,
    381.7718359539738,
    918.7744725710736,
    169.30535326910808,
    169.9667484786291,
    156.98933207943372,
    147.55980750202488,
    99.60415463379691,
    83.90194319954664,
    90.07177548530183,
    93.80528336761064,
    98.65399447353757,
    72.58625858835816,
    16.05506928087095,
    608.6983154965352,
    1513.9022552132228,
    1027.449820065922,
    1008.9021928530932,
    552.5814999277387,
    1002.0467010412438,
    1722.6734048014407,
    804.0902042166589,
    695.7482773559863,
    978.2570640936672,
    624.5851841032185,
    173.8352981257047,
    408.30183026797886,
    590.3614724357554,
    883.965892233201,
    794.446179512736,
    27.955416680761413,
    30.42940863211619,
    103.74168975229382,
    77.58459408001545,
    92.83025081737652,
    169.14018541644953,
    94.55096366457792,
    114.50776063052633,
    223.11163674419393,
    120.98901848324687,
    162.88870006186443,
    255.44247911186048,
    218.7594326620442,
    383.33279367309996,
    429.7772166553074,
    444.23609812715614,
    385.1595280417285,
    322.10840702187016,
    28.278830483743704,
    5.381366282869651,
    795.1931840178681,
    265.14990715590227,
    516.4536474663827,
    1192.3005304905057,
    1354.5092987534413,
    805.2208183105213,
    177.18035289460394,
    911.4775910757469,
    445.2705386102383,
    64.71875085192872,
    35.812573775269286,
    279.272688353391,
    200.37279015704604,
    197.35745147083333,
    247.70417798876383,
    923.4575784684827,
    85.97572265955105,
    404.49767305497824
  ]
}