{
  "dist_to_gc_km": 0.4930099185398668,
  "elevation_m": 0.13999584372691146,
  "dist_to_coast_km": -0.002651808068420012,
  "dist_to_river_km": -0.14633004562651988,
  "cloud_cover": -0.31427594174987117,
  "seismic_pga": -0.1343191978154976,
  "abs_latitude": -0.07744036478729961,
  "longitude": 0.42523109186015323,
  "site_density": 0.09345045011180832,
  "cross_type_dist_km": -5.331256359435452
}