{
  "random_forest": {
    "cv_auc": 0.8892556424870988,
    "cv_std": 0.005982661193647645,
    "feature_importances": {
      "dist_to_gc_km": 0.046925598363173684,
      "elevation_m": 0.051371832694519254,
      "dist_to_coast_km": 0.04707723516537548,
      "dist_to_river_km": 0.055379990545016425,
      "cloud_cover": 0.04318189773878304,
      "seismic_pga": 0.03472292298941529,
      "abs_latitude": 0.043837600135895834,
      "longitude": 0.05299811388172508,
      "site_density": 0.07889778882741189,
      "cross_type_dist_km": 0.5456070196586841
    }
  },
  "xgboost": {
    "cv_auc": 0.8890142553102361,
    "cv_std": 0.005004868717598437,
    "feature_importances": {
      "dist_to_gc_km": 0.05918944254517555,
      "elevation_m": 0.05848284438252449,
      "dist_to_coast_km": 0.05481954291462898,
      "dist_to_river_km": 0.05601530894637108,
      "cloud_cover": 0.053560640662908554,
      "seismic_pga": 0.05416324362158775,
      "abs_latitude": 0.06525186449289322,
      "longitude": 0.06551463901996613,
      "site_density": 0.1104704812169075,
      "cross_type_dist_km": 0.4225320518016815
    }
  },
  "logistic_regression": {
    "cv_auc": 0.839770986356851,
    "cv_std": 0.006603885884120234,
    "coefficients": {
      "dist_to_gc_km": 0.4930099185398668,
      "elevation_m": 0.13999584372691146,
      "dist_to_coast_km": -0.002651808068420012,
      "dist_to_river_km": -0.14633004562651988,
      "cloud_cover": -0.31427594174987117,
      "seismic_pga": -0.1343191978154976,
      "abs_latitude": -0.07744036478729961,
      "longitude": 0.42523109186015323,
      "site_density": 0.09345045011180832,
      "cross_type_dist_km": -5.331256359435452
    }
  },
  "shap": {
    "mean_abs_shap": {
      "dist_to_gc_km": 0.0976100042462349,
      "elevation_m": 0.271213561296463,
      "dist_to_coast_km": 0.22826053202152252,
      "dist_to_river_km": 0.16298502683639526,
      "cloud_cover": 0.10930930823087692,
      "seismic_pga": 0.12013556063175201,
      "abs_latitude": 0.1890847533941269,
      "longitude": 0.1532406210899353,
      "site_density": 0.504260778427124,
      "cross_type_dist_km": 2.3442256450653076
    },
    "gc_rank": 10,
    "n_features": 10
  },
  "corridor": {
    "random_forest": {
      "cv_auc": 0.8834683125563616,
      "cv_std": 0.020249775725778952,
      "feature_importances": {
        "dist_to_gc_km": 0.07321607762252343,
        "elevation_m": 0.07820512304073933,
        "dist_to_coast_km": 0.06889500270004013,
        "dist_to_river_km": 0.08311153476188333,
        "cloud_cover": 0.06489253246828283,
        "seismic_pga": 0.06157914773204392,
        "abs_latitude": 0.06365726340107938,
        "longitude": 0.07108993098386752,
        "site_density": 0.05830186207462493,
        "cross_type_dist_km": 0.37705152521491514
      }
    },
    "xgboost": {
      "cv_auc": 0.8744555751327063,
      "cv_std": 0.021757120000520217,
      "feature_importances": {
        "dist_to_gc_km": 0.07661518454551697,
        "elevation_m": 0.08453191816806793,
        "dist_to_coast_km": 0.0745118036866188,
        "dist_to_river_km": 0.06374459713697433,
        "cloud_cover": 0.05939752608537674,
        "seismic_pga": 0.06872911751270294,
        "abs_latitude": 0.06049789860844612,
        "longitude": 0.08595509827136993,
        "site_density": 0.09956921637058258,
        "cross_type_dist_km": 0.32644766569137573
      }
    },
    "logistic_regression": {
      "cv_auc": 0.8349587192188268,
      "cv_std": 0.02344718170972697,
      "coefficients": {
        "dist_to_gc_km": 0.0247025595024469,
        "elevation_m": 0.15895784768054755,
        "dist_to_coast_km": -0.01981326323950624,
        "dist_to_river_km": -0.20956558630712782,
        "cloud_cover": -0.0716486504667104,
        "seismic_pga": 0.19520457691209625,
        "abs_latitude": -0.1938738368774957,
        "longitude": 0.23072713268191283,
        "site_density": -0.42338512899601927,
        "cross_type_dist_km": -4.735824210413193
      }
    },
    "shap": {
      "mean_abs_shap": {
        "dist_to_gc_km": 0.21409085392951965,
        "elevation_m": 0.43280142545700073,
        "dist_to_coast_km": 0.2340632826089859,
        "dist_to_river_km": 0.16916431486606598,
        "cloud_cover": 0.2337816059589386,
        "seismic_pga": 0.1568198800086975,
        "abs_latitude": 0.11339502036571503,
        "longitude": 0.19924193620681763,
        "site_density": 0.4658641219139099,
        "cross_type_dist_km": 2.030134916305542
      },
      "gc_rank": 6
    },
    "n_sites": 4158
  },
  "ablation": {
    "auc_with_gc": 0.8890142553102361,
    "auc_with_gc_std": 0.005004868717598437,
    "auc_without_gc": 0.8888078400851785,
    "auc_without_gc_std": 0.005660395042157181,
    "delta_auc": 0.00020641522505759902,
    "interpretation": "MINIMAL: GC is largely a geographic proxy"
  },
  "ablation_corridor": {
    "auc_with_gc": 0.8744555751327063,
    "auc_with_gc_std": 0.021757120000520217,
    "auc_without_gc": 0.8740545702932856,
    "auc_without_gc_std": 0.02247982462645309,
    "delta_auc": 0.0004010048394207377,
    "interpretation": "MINIMAL: GC is largely a geographic proxy"
  },
  "partial_dependence": {
    "gc_distances": [
      221.5294988745551,
      246.4194373929371,
      271.30937591131914,
      296.1993144297012,
      321.0892529480832,
      345.97919146646524,
      370.8691299848473,
      395.7590685032293,
      420.64900702161134,
      445.5389455399934,
      470.4288840583754,
      495.31882257675744,
      520.2087610951395,
      545.0986996135215,
      569.9886381319036,
      594.8785766502856,
      619.7685151686676,
      644.6584536870496,
      669.5483922054316,
      694.4383307238137,
      719.3282692421957,
      744.2182077605778,
      769.1081462789598,
      793.9980847973418,
      818.8880233157239,
      843.7779618341059,
      868.6679003524879,
      893.5578388708699,
      918.447777389252,
      943.337715907634,
      968.227654426016,
      993.1175929443981,
      1018.0075314627801,
      1042.897469981162,
      1067.7874084995442,
      1092.6773470179262,
      1117.5672855363082,
      1142.4572240546904,
      1167.3471625730722,
      1192.2371010914544,
      1217.1270396098362,
      1242.0169781282184,
      1266.9069166466006,
      1291.7968551649824,
      1316.6867936833646,
      1341.5767322017464,
      1366.4666707201286,
      1391.3566092385104,
      1416.2465477568926,
      1441.1364862752748,
      1466.0264247936566,
      1490.9163633120388,
      1515.8063018304206,
      1540.6962403488028,
      1565.5861788671846,
      1590.4761173855668,
      1615.366055903949,
      1640.2559944223308,
      1665.145932940713,
      1690.0358714590948,
      1714.925809977477,
      1739.8157484958592,
      1764.705687014241,
      1789.5956255326232,
      1814.485564051005,
      1839.3755025693872,
      1864.265441087769,
      1889.1553796061512,
      1914.0453181245334,
      1938.9352566429152,
      1963.8251951612974,
      1988.7151336796792,
      2013.6050721980614,
      2038.4950107164432,
      2063.3849492348254,
      2088.2748877532076,
      2113.1648262715894,
      2138.0547647899716,
      2162.9447033083534,
      2187.8346418267356,
      2212.7245803451174,
      2237.6145188634996,
      2262.504457381882,
      2287.3943959002636,
      2312.284334418646,
      2337.1742729370276,
      2362.06421145541,
      2386.9541499737916,
      2411.844088492174,
      2436.7340270105556,
      2461.623965528938,
      2486.51390404732,
      2511.403842565702,
      2536.293781084084,
      2561.1837196024658,
      2586.073658120848,
      2610.96359663923,
      2635.853535157612,
      2660.743473675994,
      2685.633412194376
    ],