{
  "pyramids_aligned": [
    [
      0.4688127864223232,
      0.5303830320494666
    ],
    [
      -0.0375050229137059,
      0.027060358777975153
    ],
    [
      -0.43130776350861727,
      -0.5574433908274418
    ]
  ],
  "stars_aligned": [
    [
      0.4640763301951679,
      0.5362461455174717
    ],
    [
      -0.02718381122998543,
      0.01589445318376983
    ],
    [
      -0.43689251896518255,
      -0.5521405987012415
    ]
  ],
  "pyramid_labels": [
    "Khufu",
    "Khafre",
    "Menkaure"
  ],
  "star_labels": [
    "Mintaka",
    "Alnilam",
    "Alnitak"
  ],
  "residuals": [
    [
      -0.004736456227155295,
      0.0058631134680051655
    ],
    [
      0.010321211683720473,
      -0.011165905594205324
    ],
    [
      -0.005584755456565282,
      0.0053027921262002176
    ]
  ]
}